household_id,grid_zone,consumption_kwh,solar_kwh,grid_import_kwh,solar_export_kwh,solar_contribution_pct,tariff_rate,billing_tier,subsidy_flag,energy_charge,solar_credit,service_charge,subsidy_discount,total_bill
H001,north,11.838,5.38,8.649,2.191,26.94,0.1547,A,True,1.34,0.17,0.50,0.27,1.40
H002,central,13.124,11.468,8.043,6.388,38.71,0.1547,A,False,1.24,0.49,0.50,0.00,1.25
H003,south,15.038,18.568,8.95,12.481,40.48,0.1547,A,False,1.38,0.97,0.50,0.00,0.91
H004,north,16.343,5.388,12.402,1.446,24.12,0.1837,B,False,2.28,0.13,0.75,0.00,2.90
H005,central,17.821,11.641,11.354,5.175,36.29,0.1837,B,False,2.09,0.48,0.75,0.00,2.36
H006,south,20.19,18.025,12.469,10.304,38.24,0.1837,B,True,2.29,0.95,0.75,0.46,1.63
H007,north,21.151,5.316,16.6,0.766,21.51,0.2223,C,False,3.69,0.09,1.00,0.00,4.60
H008,central,23.128,11.98,15.214,4.066,34.22,0.2223,C,False,3.38,0.45,1.00,0.00,3.93
H009,south,24.909,18.575,15.572,9.238,37.48,0.2223,C,False,3.46,1.03,1.00,0.00,3.43
H010,north,11.827,0.0,11.827,0.0,0.0,0.1547,A,False,1.83,0.00,0.50,0.00,2.33
H011,central,13.061,11.659,8.005,6.603,38.71,0.1547,A,True,1.24,0.51,0.50,0.25,0.98
H012,south,14.97,18.12,8.948,12.098,40.23,0.1547,A,False,1.38,0.94,0.50,0.00,0.94
H013,north,16.235,0.0,16.235,0.0,0.0,0.1837,B,False,2.98,0.00,0.75,0.00,3.73
H014,central,17.926,0.0,17.926,0.0,0.0,0.1837,B,False,3.29,0.00,0.75,0.00,4.04
H015,south,19.562,18.087,11.734,10.259,40.02,0.1837,B,False,2.16,0.94,0.75,0.00,1.97
H016,north,21.68,0.0,21.68,0.0,0.0,0.2223,C,True,4.82,0.00,1.00,0.96,4.86
H017,central,23.202,0.0,23.202,0.0,0.0,0.2223,C,False,5.16,0.00,1.00,0.00,6.16
H018,south,25.041,0.0,25.041,0.0,0.0,0.2223,C,False,5.57,0.00,1.00,0.00,6.57
H019,north,11.258,0.0,11.258,0.0,0.0,0.1547,A,False,1.74,0.00,0.50,0.00,2.24
H020,central,13.277,0.0,13.277,0.0,0.0,0.1547,A,False,2.05,0.00,0.50,0.00,2.55
H021,south,14.959,0.0,14.959,0.0,0.0,0.1547,A,True,2.31,0.00,0.50,0.46,2.35
H022,north,16.348,0.0,16.348,0.0,0.0,0.1837,B,False,3.00,0.00,0.75,0.00,3.75
H023,central,17.947,0.0,17.947,0.0,0.0,0.1837,B,False,3.30,0.00,0.75,0.00,4.05
H024,south,19.886,0.0,19.886,0.0,0.0,0.1837,B,False,3.65,0.00,0.75,0.00,4.40
H025,north,21.799,0.0,21.799,0.0,0.0,0.2223,C,False,4.85,0.00,1.00,0.00,5.85
H026,central,23.531,0.0,23.531,0.0,0.0,0.2223,C,True,5.23,0.00,1.00,1.05,5.18
H027,south,25.227,0.0,25.227,0.0,0.0,0.2223,C,False,5.61,0.00,1.00,0.00,6.61
H028,north,11.76,0.0,11.76,0.0,0.0,0.1547,A,False,1.82,0.00,0.50,0.00,2.32
H029,central,12.865,0.0,12.865,0.0,0.0,0.1547,A,False,1.99,0.00,0.50,0.00,2.49
H030,south,15.154,0.0,15.154,0.0,0.0,0.1547,A,False,2.34,0.00,0.50,0.00,2.84
