household_id,tariff_rate,billing_tier,subsidy_flag
H001,0.1547,A,true
H002,0.1547,A,false
H003,0.1547,A,false
H004,0.1837,B,false
H005,0.1837,B,false
H006,0.1837,B,true
H007,0.2223,C,false
H008,0.2223,C,false
H009,0.2223,C,false
H010,0.1547,A,false
H011,0.1547,A,true
H012,0.1547,A,false
H013,0.1837,B,false
H014,0.1837,B,false
H015,0.1837,B,false
H016,0.2223,C,true
H017,0.2223,C,false
H018,0.2223,C,false
H019,0.1547,A,false
H020,0.1547,A,false
H021,0.1547,A,true
H022,0.1837,B,false
H023,0.1837,B,false
H024,0.1837,B,false
H025,0.2223,C,false
H026,0.2223,C,true
H027,0.2223,C,false
H028,0.1547,A,false
H029,0.1547,A,false
H030,0.1547,A,false
